PORT,STATUS
http://mail.best-energies.fr,403
https://mail.best-energies.fr,200
http://mail2.best-energies.fr,403
https://mail2.best-energies.fr,403
http://www.best-energies.fr,200
https://www.best-energies.fr,200
http://ns2.best-energies.fr,200
https://ns2.best-energies.fr,200
http://ns1.best-energies.fr,200
https://ns1.best-energies.fr,200
http://blog.best-energies.fr,200
https://blog.best-energies.fr,200
http://localhost.best-energies.fr,200
https://localhost.best-energies.fr,200
http://m.best-energies.fr,200
https://m.best-energies.fr,200
http://ftp.best-energies.fr,200
https://ftp.best-energies.fr,200
http://mobile.best-energies.fr,200
https://mobile.best-energies.fr,200
http://ns3.best-energies.fr,200
https://ns3.best-energies.fr,200
http://smtp.best-energies.fr,200
https://smtp.best-energies.fr,200
http://search.best-energies.fr,200
https://search.best-energies.fr,200
http://api.best-energies.fr,200
https://api.best-energies.fr,200
http://dev.best-energies.fr,200
https://dev.best-energies.fr,200
http://secure.best-energies.fr,200
https://secure.best-energies.fr,200
http://webmail.best-energies.fr,403
https://webmail.best-energies.fr,403
http://admin.best-energies.fr,403
https://admin.best-energies.fr,403
http://img.best-energies.fr,403
https://img.best-energies.fr,403
http://news.best-energies.fr,403
https://news.best-energies.fr,403
http://sms.best-energies.fr,403
https://sms.best-energies.fr,403
http://marketing.best-energies.fr,403
https://marketing.best-energies.fr,403
http://test.best-energies.fr,403
https://test.best-energies.fr,403
http://video.best-energies.fr,403
https://video.best-energies.fr,403
http://www2.best-energies.fr,403
https://www2.best-energies.fr,403
http://media.best-energies.fr,403
https://media.best-energies.fr,403
http://static.best-energies.fr,403
https://static.best-energies.fr,403
http://ads.best-energies.fr,403
https://ads.best-energies.fr,403
http://beta.best-energies.fr,403
https://beta.best-energies.fr,403
http://wap.best-energies.fr,403
https://wap.best-energies.fr,403
http://blogs.best-energies.fr,403
https://blogs.best-energies.fr,403
http://download.best-energies.fr,403
https://download.best-energies.fr,403
http://dns1.best-energies.fr,403
https://dns1.best-energies.fr,403
http://www3.best-energies.fr,403
https://www3.best-energies.fr,403
http://origin.best-energies.fr,403
https://origin.best-energies.fr,403
http://shop.best-energies.fr,403
https://shop.best-energies.fr,403
http://forum.best-energies.fr,403
https://forum.best-energies.fr,403
http://chat.best-energies.fr,403
https://chat.best-energies.fr,403
http://www1.best-energies.fr,403
https://www1.best-energies.fr,403
http://image.best-energies.fr,403
https://image.best-energies.fr,403
http://new.best-energies.fr,403
https://new.best-energies.fr,403
http://tv.best-energies.fr,403
https://tv.best-energies.fr,403
http://dns.best-energies.fr,403
https://dns.best-energies.fr,403
http://services.best-energies.fr,403
https://services.best-energies.fr,403
http://music.best-energies.fr,403
https://music.best-energies.fr,403
http://images.best-energies.fr,403
https://images.best-energies.fr,403
http://pay.best-energies.fr,403
https://pay.best-energies.fr,403
http://ddrint.best-energies.fr,403
https://ddrint.best-energies.fr,403
http://conc.best-energies.fr,403
https://conc.best-energies.fr,403
